Tile,WorldOrigin_m,District,Status,FinishedStreets,PlacedBuildings,CompletedInteriors,Restaurants,Notes
00_00,"0,0",Unassigned / planned,Planned,0,0,0,0,No authored production assets yet
01_00,"1000,0",Unassigned / planned,Planned,0,0,0,0,No authored production assets yet
02_00,"2000,0",Unassigned / planned,Planned,0,0,0,0,No authored production assets yet
03_00,"3000,0",Unassigned / planned,Planned,0,0,0,0,No authored production assets yet
04_00,"4000,0",Unassigned / planned,Planned,0,0,0,0,No authored production assets yet
05_00,"5000,0",Unassigned / planned,Planned,0,0,0,0,No authored production assets yet
06_00,"6000,0",Unassigned / planned,Planned,0,0,0,0,No authored production assets yet
07_00,"7000,0",Unassigned / planned,Planned,0,0,0,0,No authored production assets yet
08_00,"8000,0",Unassigned / planned,Planned,0,0,0,0,No authored production assets yet
09_00,"9000,0",Unassigned / planned,Planned,0,0,0,0,No authored production assets yet
10_00,"10000,0",Unassigned / planned,Planned,0,0,0,0,No authored production assets yet
11_00,"11000,0",Unassigned / planned,Planned,0,0,0,0,No authored production assets yet
12_00,"12000,0",Unassigned / planned,Planned,0,0,0,0,No authored production assets yet
13_00,"13000,0",Unassigned / planned,Planned,0,0,0,0,No authored production assets yet
14_00,"14000,0",Unassigned / planned,Planned,0,0,0,0,No authored production assets yet
15_00,"15000,0",Unassigned / planned,Planned,0,0,0,0,No authored production assets yet
16_00,"16000,0",Unassigned / planned,Planned,0,0,0,0,No authored production assets yet
17_00,"17000,0",Unassigned / planned,Planned,0,0,0,0,No authored production assets yet
18_00,"18000,0",Unassigned / planned,Planned,0,0,0,0,No authored production assets yet
19_00,"19000,0",Unassigned / planned,Planned,0,0,0,0,No authored production assets yet
00_01,"0,1000",Unassigned / planned,Planned,0,0,0,0,No authored production assets yet
01_01,"1000,1000",Unassigned / planned,Planned,0,0,0,0,No authored production assets yet
02_01,"2000,1000",Unassigned / planned,Planned,0,0,0,0,No authored production assets yet
03_01,"3000,1000",Unassigned / planned,Planned,0,0,0,0,No authored production assets yet
04_01,"4000,1000",Unassigned / planned,Planned,0,0,0,0,No authored production assets yet
05_01,"5000,1000",Unassigned / planned,Planned,0,0,0,0,No authored production assets yet
06_01,"6000,1000",Unassigned / planned,Planned,0,0,0,0,No authored production assets yet
07_01,"7000,1000",Unassigned / planned,Planned,0,0,0,0,No authored production assets yet
08_01,"8000,1000",Unassigned / planned,Planned,0,0,0,0,No authored production assets yet
09_01,"9000,1000",Unassigned / planned,Planned,0,0,0,0,No authored production assets yet
10_01,"10000,1000",Unassigned / planned,Planned,0,0,0,0,No authored production assets yet
11_01,"11000,1000",Unassigned / planned,Planned,0,0,0,0,No authored production assets yet
12_01,"12000,1000",Unassigned / planned,Planned,0,0,0,0,No authored production assets yet
13_01,"13000,1000",Unassigned / planned,Planned,0,0,0,0,No authored production assets yet
14_01,"14000,1000",Unassigned / planned,Planned,0,0,0,0,No authored production assets yet
15_01,"15000,1000",Unassigned / planned,Planned,0,0,0,0,No authored production assets yet
16_01,"16000,1000",Unassigned / planned,Planned,0,0,0,0,No authored production assets yet
17_01,"17000,1000",Unassigned / planned,Planned,0,0,0,0,No authored production assets yet
18_01,"18000,1000",Unassigned / planned,Planned,0,0,0,0,No authored production assets yet
19_01,"19000,1000",Unassigned / planned,Planned,0,0,0,0,No authored production assets yet
00_02,"0,2000",Unassigned / planned,Planned,0,0,0,0,No authored production assets yet
01_02,"1000,2000",Unassigned / planned,Planned,0,0,0,0,No authored production assets yet
02_02,"2000,2000",Unassigned / planned,Planned,0,0,0,0,No authored production assets yet
03_02,"3000,2000",Unassigned / planned,Planned,0,0,0,0,No authored production assets yet
04_02,"4000,2000",Unassigned / planned,Planned,0,0,0,0,No authored production assets yet
05_02,"5000,2000",Unassigned / planned,Planned,0,0,0,0,No authored production assets yet
06_02,"6000,2000",Unassigned / planned,Planned,0,0,0,0,No authored production assets yet
07_02,"7000,2000",Unassigned / planned,Planned,0,0,0,0,No authored production assets yet
08_02,"8000,2000",Unassigned / planned,Planned,0,0,0,0,No authored production assets yet
09_02,"9000,2000",Unassigned / planned,Planned,0,0,0,0,No authored production assets yet
10_02,"10000,2000",Unassigned / planned,Planned,0,0,0,0,No authored production assets yet
11_02,"11000,2000",Unassigned / planned,Planned,0,0,0,0,No authored production assets yet
12_02,"12000,2000",Unassigned / planned,Planned,0,0,0,0,No authored production assets yet
13_02,"13000,2000",Unassigned / planned,Planned,0,0,0,0,No authored production assets yet
14_02,"14000,2000",Unassigned / planned,Planned,0,0,0,0,No authored production assets yet
15_02,"15000,2000",Unassigned / planned,Planned,0,0,0,0,No authored production assets yet
16_02,"16000,2000",Unassigned / planned,Planned,0,0,0,0,No authored production assets yet
17_02,"17000,2000",Unassigned / planned,Planned,0,0,0,0,No authored production assets yet
18_02,"18000,2000",Unassigned / planned,Planned,0,0,0,0,No authored production assets yet
19_02,"19000,2000",Unassigned / planned,Planned,0,0,0,0,No authored production assets yet
00_03,"0,3000",Unassigned / planned,Planned,0,0,0,0,No authored production assets yet
01_03,"1000,3000",Unassigned / planned,Planned,0,0,0,0,No authored production assets yet
02_03,"2000,3000",Unassigned / planned,Planned,0,0,0,0,No authored production assets yet
03_03,"3000,3000",Unassigned / planned,Planned,0,0,0,0,No authored production assets yet
04_03,"4000,3000",Unassigned / planned,Planned,0,0,0,0,No authored production assets yet
05_03,"5000,3000",Unassigned / planned,Planned,0,0,0,0,No authored production assets yet
06_03,"6000,3000",Unassigned / planned,Planned,0,0,0,0,No authored production assets yet
07_03,"7000,3000",Unassigned / planned,Planned,0,0,0,0,No authored production assets yet
08_03,"8000,3000",Unassigned / planned,Planned,0,0,0,0,No authored production assets yet
09_03,"9000,3000",Unassigned / planned,Planned,0,0,0,0,No authored production assets yet
10_03,"10000,3000",Unassigned / planned,Planned,0,0,0,0,No authored production assets yet
11_03,"11000,3000",Unassigned / planned,Planned,0,0,0,0,No authored production assets yet
12_03,"12000,3000",Unassigned / planned,Planned,0,0,0,0,No authored production assets yet
13_03,"13000,3000",Unassigned / planned,Planned,0,0,0,0,No authored production assets yet
14_03,"14000,3000",Unassigned / planned,Planned,0,0,0,0,No authored production assets yet
15_03,"15000,3000",Unassigned / planned,Planned,0,0,0,0,No authored production assets yet
16_03,"16000,3000",Unassigned / planned,Planned,0,0,0,0,No authored production assets yet
17_03,"17000,3000",Unassigned / planned,Planned,0,0,0,0,No authored production assets yet
18_03,"18000,3000",Unassigned / planned,Planned,0,0,0,0,No authored production assets yet
19_03,"19000,3000",Unassigned / planned,Planned,0,0,0,0,No authored production assets yet
00_04,"0,4000",Unassigned / planned,Planned,0,0,0,0,No authored production assets yet
01_04,"1000,4000",Unassigned / planned,Planned,0,0,0,0,No authored production assets yet
02_04,"2000,4000",Unassigned / planned,Planned,0,0,0,0,No authored production assets yet
03_04,"3000,4000",Unassigned / planned,Planned,0,0,0,0,No authored production assets yet
04_04,"4000,4000",Unassigned / planned,Planned,0,0,0,0,No authored production assets yet
05_04,"5000,4000",Unassigned / planned,Planned,0,0,0,0,No authored production assets yet
06_04,"6000,4000",Unassigned / planned,Planned,0,0,0,0,No authored production assets yet
07_04,"7000,4000",Unassigned / planned,Planned,0,0,0,0,No authored production assets yet
08_04,"8000,4000",Unassigned / planned,Planned,0,0,0,0,No authored production assets yet
09_04,"9000,4000",Unassigned / planned,Planned,0,0,0,0,No authored production assets yet
10_04,"10000,4000",Unassigned / planned,Planned,0,0,0,0,No authored production assets yet
11_04,"11000,4000",Unassigned / planned,Planned,0,0,0,0,No authored production assets yet
12_04,"12000,4000",Unassigned / planned,Planned,0,0,0,0,No authored production assets yet
13_04,"13000,4000",Unassigned / planned,Planned,0,0,0,0,No authored production assets yet
14_04,"14000,4000",Unassigned / planned,Planned,0,0,0,0,No authored production assets yet
15_04,"15000,4000",Unassigned / planned,Planned,0,0,0,0,No authored production assets yet
16_04,"16000,4000",Unassigned / planned,Planned,0,0,0,0,No authored production assets yet
17_04,"17000,4000",Unassigned / planned,Planned,0,0,0,0,No authored production assets yet
18_04,"18000,4000",Unassigned / planned,Planned,0,0,0,0,No authored production assets yet
19_04,"19000,4000",Unassigned / planned,Planned,0,0,0,0,No authored production assets yet
00_05,"0,5000",Unassigned / planned,Planned,0,0,0,0,No authored production assets yet
01_05,"1000,5000",Unassigned / planned,Planned,0,0,0,0,No authored production assets yet
02_05,"2000,5000",Unassigned / planned,Planned,0,0,0,0,No authored production assets yet
03_05,"3000,5000",Unassigned / planned,Planned,0,0,0,0,No authored production assets yet
04_05,"4000,5000",Unassigned / planned,Planned,0,0,0,0,No authored production assets yet
05_05,"5000,5000",Unassigned / planned,Planned,0,0,0,0,No authored production assets yet
06_05,"6000,5000",Unassigned / planned,Planned,0,0,0,0,No authored production assets yet
07_05,"7000,5000",Unassigned / planned,Planned,0,0,0,0,No authored production assets yet
08_05,"8000,5000",Unassigned / planned,Planned,0,0,0,0,No authored production assets yet
09_05,"9000,5000",Unassigned / planned,Planned,0,0,0,0,No authored production assets yet
10_05,"10000,5000",Unassigned / planned,Planned,0,0,0,0,No authored production assets yet
11_05,"11000,5000",Unassigned / planned,Planned,0,0,0,0,No authored production assets yet
12_05,"12000,5000",Unassigned / planned,Planned,0,0,0,0,No authored production assets yet
13_05,"13000,5000",Unassigned / planned,Planned,0,0,0,0,No authored production assets yet
14_05,"14000,5000",Unassigned / planned,Planned,0,0,0,0,No authored production assets yet
15_05,"15000,5000",Unassigned / planned,Planned,0,0,0,0,No authored production assets yet
16_05,"16000,5000",Unassigned / planned,Planned,0,0,0,0,No authored production assets yet
17_05,"17000,5000",Unassigned / planned,Planned,0,0,0,0,No authored production assets yet
18_05,"18000,5000",Unassigned / planned,Planned,0,0,0,0,No authored production assets yet
19_05,"19000,5000",Unassigned / planned,Planned,0,0,0,0,No authored production assets yet
00_06,"0,6000",Unassigned / planned,Planned,0,0,0,0,No authored production assets yet
01_06,"1000,6000",Unassigned / planned,Planned,0,0,0,0,No authored production assets yet
02_06,"2000,6000",Unassigned / planned,Planned,0,0,0,0,No authored production assets yet
03_06,"3000,6000",Unassigned / planned,Planned,0,0,0,0,No authored production assets yet
04_06,"4000,6000",Unassigned / planned,Planned,0,0,0,0,No authored production assets yet
05_06,"5000,6000",Unassigned / planned,Planned,0,0,0,0,No authored production assets yet
06_06,"6000,6000",Unassigned / planned,Planned,0,0,0,0,No authored production assets yet
07_06,"7000,6000",Unassigned / planned,Planned,0,0,0,0,No authored production assets yet
08_06,"8000,6000",Unassigned / planned,Planned,0,0,0,0,No authored production assets yet
09_06,"9000,6000",Unassigned / planned,Planned,0,0,0,0,No authored production assets yet
10_06,"10000,6000",Unassigned / planned,Planned,0,0,0,0,No authored production assets yet
11_06,"11000,6000",Unassigned / planned,Planned,0,0,0,0,No authored production assets yet
12_06,"12000,6000",Unassigned / planned,Planned,0,0,0,0,No authored production assets yet
13_06,"13000,6000",Unassigned / planned,Planned,0,0,0,0,No authored production assets yet
14_06,"14000,6000",Unassigned / planned,Planned,0,0,0,0,No authored production assets yet
15_06,"15000,6000",Commercial and Service District,Planned,0,0,0,0,No authored production assets yet
16_06,"16000,6000",Unassigned / planned,Planned,0,0,0,0,No authored production assets yet
17_06,"17000,6000",Unassigned / planned,Planned,0,0,0,0,No authored production assets yet
18_06,"18000,6000",Unassigned / planned,Planned,0,0,0,0,No authored production assets yet
19_06,"19000,6000",Unassigned / planned,Planned,0,0,0,0,No authored production assets yet
00_07,"0,7000",Unassigned / planned,Planned,0,0,0,0,No authored production assets yet
01_07,"1000,7000",Unassigned / planned,Planned,0,0,0,0,No authored production assets yet
02_07,"2000,7000",Unassigned / planned,Planned,0,0,0,0,No authored production assets yet
03_07,"3000,7000",Unassigned / planned,Planned,0,0,0,0,No authored production assets yet
04_07,"4000,7000",Unassigned / planned,Planned,0,0,0,0,No authored production assets yet
05_07,"5000,7000",Unassigned / planned,Planned,0,0,0,0,No authored production assets yet
06_07,"6000,7000",Unassigned / planned,Planned,0,0,0,0,No authored production assets yet
07_07,"7000,7000",Unassigned / planned,Planned,0,0,0,0,No authored production assets yet
08_07,"8000,7000",Unassigned / planned,Planned,0,0,0,0,No authored production assets yet
09_07,"9000,7000",Unassigned / planned,Planned,0,0,0,0,No authored production assets yet
10_07,"10000,7000",Unassigned / planned,Planned,0,0,0,0,No authored production assets yet
11_07,"11000,7000",Unassigned / planned,Planned,0,0,0,0,No authored production assets yet
12_07,"12000,7000",Unassigned / planned,Planned,0,0,0,0,No authored production assets yet
13_07,"13000,7000",Unassigned / planned,Planned,0,0,0,0,No authored production assets yet
14_07,"14000,7000",Unassigned / planned,Planned,0,0,0,0,No authored production assets yet
15_07,"15000,7000",Unassigned / planned,Planned,0,0,0,0,No authored production assets yet
16_07,"16000,7000",Unassigned / planned,Planned,0,0,0,0,No authored production assets yet
17_07,"17000,7000",Unassigned / planned,Planned,0,0,0,0,No authored production assets yet
18_07,"18000,7000",Unassigned / planned,Planned,0,0,0,0,No authored production assets yet
19_07,"19000,7000",Unassigned / planned,Planned,0,0,0,0,No authored production assets yet
00_08,"0,8000",Unassigned / planned,Planned,0,0,0,0,No authored production assets yet
01_08,"1000,8000",Unassigned / planned,Planned,0,0,0,0,No authored production assets yet
02_08,"2000,8000",Unassigned / planned,Planned,0,0,0,0,No authored production assets yet
03_08,"3000,8000",Unassigned / planned,Planned,0,0,0,0,No authored production assets yet
04_08,"4000,8000",Unassigned / planned,Planned,0,0,0,0,No authored production assets yet
05_08,"5000,8000",Unassigned / planned,Planned,0,0,0,0,No authored production assets yet
06_08,"6000,8000",Unassigned / planned,Planned,0,0,0,0,No authored production assets yet
07_08,"7000,8000",Unassigned / planned,Planned,0,0,0,0,No authored production assets yet
08_08,"8000,8000",Unassigned / planned,Planned,0,0,0,0,No authored production assets yet
09_08,"9000,8000",Unassigned / planned,Planned,0,0,0,0,No authored production assets yet
10_08,"10000,8000",Unassigned / planned,Planned,0,0,0,0,No authored production assets yet
11_08,"11000,8000",Unassigned / planned,Planned,0,0,0,0,No authored production assets yet
12_08,"12000,8000",Unassigned / planned,Planned,0,0,0,0,No authored production assets yet
13_08,"13000,8000",Unassigned / planned,Planned,0,0,0,0,No authored production assets yet
14_08,"14000,8000",Unassigned / planned,Planned,0,0,0,0,No authored production assets yet
15_08,"15000,8000",Unassigned / planned,Planned,0,0,0,0,No authored production assets yet
16_08,"16000,8000",Unassigned / planned,Planned,0,0,0,0,No authored production assets yet
17_08,"17000,8000",Unassigned / planned,Planned,0,0,0,0,No authored production assets yet
18_08,"18000,8000",Unassigned / planned,Planned,0,0,0,0,No authored production assets yet
19_08,"19000,8000",Unassigned / planned,Planned,0,0,0,0,No authored production assets yet
00_09,"0,9000",Unassigned / planned,Planned,0,0,0,0,No authored production assets yet
01_09,"1000,9000",Unassigned / planned,Planned,0,0,0,0,No authored production assets yet
02_09,"2000,9000",Unassigned / planned,Planned,0,0,0,0,No authored production assets yet
03_09,"3000,9000",Unassigned / planned,Planned,0,0,0,0,No authored production assets yet
04_09,"4000,9000",Unassigned / planned,Planned,0,0,0,0,No authored production assets yet
05_09,"5000,9000",Unassigned / planned,Planned,0,0,0,0,No authored production assets yet
06_09,"6000,9000",Unassigned / planned,Planned,0,0,0,0,No authored production assets yet
07_09,"7000,9000",Unassigned / planned,Planned,0,0,0,0,No authored production assets yet
08_09,"8000,9000",Unassigned / planned,Planned,0,0,0,0,No authored production assets yet
09_09,"9000,9000",Unassigned / planned,Planned,0,0,0,0,No authored production assets yet
10_09,"10000,9000",Harbor Dining District,Planned,0,0,0,0,No authored production assets yet
11_09,"11000,9000",Unassigned / planned,Planned,0,0,0,0,No authored production assets yet
12_09,"12000,9000",Unassigned / planned,Planned,0,0,0,0,No authored production assets yet
13_09,"13000,9000",Unassigned / planned,Planned,0,0,0,0,No authored production assets yet
14_09,"14000,9000",Unassigned / planned,Planned,0,0,0,0,No authored production assets yet
15_09,"15000,9000",Unassigned / planned,Planned,0,0,0,0,No authored production assets yet
16_09,"16000,9000",Unassigned / planned,Planned,0,0,0,0,No authored production assets yet
17_09,"17000,9000",Unassigned / planned,Planned,0,0,0,0,No authored production assets yet
18_09,"18000,9000",Unassigned / planned,Planned,0,0,0,0,No authored production assets yet
19_09,"19000,9000",Unassigned / planned,Planned,0,0,0,0,No authored production assets yet
00_10,"0,10000",Unassigned / planned,Planned,0,0,0,0,No authored production assets yet
01_10,"1000,10000",Unassigned / planned,Planned,0,0,0,0,No authored production assets yet
02_10,"2000,10000",Unassigned / planned,Planned,0,0,0,0,No authored production assets yet
03_10,"3000,10000",Unassigned / planned,Planned,0,0,0,0,No authored production assets yet
04_10,"4000,10000",Unassigned / planned,Planned,0,0,0,0,No authored production assets yet
05_10,"5000,10000",Unassigned / planned,Planned,0,0,0,0,No authored production assets yet
06_10,"6000,10000",Unassigned / planned,Planned,0,0,0,0,No authored production assets yet
07_10,"7000,10000",Unassigned / planned,Planned,0,0,0,0,No authored production assets yet
08_10,"8000,10000",Unassigned / planned,Planned,0,0,0,0,No authored production assets yet
09_10,"9000,10000",Central Casino District,Planned,0,0,0,0,No authored production assets yet
10_10,"10000,10000",63rd Street District,In production,1,2,2,1,63rd Street batch complete
11_10,"11000,10000",Unassigned / planned,Planned,0,0,0,0,No authored production assets yet
12_10,"12000,10000",Unassigned / planned,Planned,0,0,0,0,No authored production assets yet
13_10,"13000,10000",Unassigned / planned,Planned,0,0,0,0,No authored production assets yet
14_10,"14000,10000",Unassigned / planned,Planned,0,0,0,0,No authored production assets yet
15_10,"15000,10000",East Residential,Planned,0,0,0,0,No authored production assets yet
16_10,"16000,10000",Unassigned / planned,Planned,0,0,0,0,No authored production assets yet
17_10,"17000,10000",Unassigned / planned,Planned,0,0,0,0,No authored production assets yet
18_10,"18000,10000",Unassigned / planned,Planned,0,0,0,0,No authored production assets yet
19_10,"19000,10000",Unassigned / planned,Planned,0,0,0,0,No authored production assets yet
00_11,"0,11000",Unassigned / planned,Planned,0,0,0,0,No authored production assets yet
01_11,"1000,11000",Unassigned / planned,Planned,0,0,0,0,No authored production assets yet
02_11,"2000,11000",Unassigned / planned,Planned,0,0,0,0,No authored production assets yet
03_11,"3000,11000",Unassigned / planned,Planned,0,0,0,0,No authored production assets yet
04_11,"4000,11000",Unassigned / planned,Planned,0,0,0,0,No authored production assets yet
05_11,"5000,11000",West Hills Suburbs,Planned,0,0,0,0,No authored production assets yet
06_11,"6000,11000",Unassigned / planned,Planned,0,0,0,0,No authored production assets yet
07_11,"7000,11000",Unassigned / planned,Planned,0,0,0,0,No authored production assets yet
08_11,"8000,11000",Unassigned / planned,Planned,0,0,0,0,No authored production assets yet
09_11,"9000,11000",Unassigned / planned,Planned,0,0,0,0,No authored production assets yet
10_11,"10000,11000",Unassigned / planned,Planned,0,0,0,0,No authored production assets yet
11_11,"11000,11000",Unassigned / planned,Planned,0,0,0,0,No authored production assets yet
12_11,"12000,11000",Unassigned / planned,Planned,0,0,0,0,No authored production assets yet
13_11,"13000,11000",Unassigned / planned,Planned,0,0,0,0,No authored production assets yet
14_11,"14000,11000",Unassigned / planned,Planned,0,0,0,0,No authored production assets yet
15_11,"15000,11000",Unassigned / planned,Planned,0,0,0,0,No authored production assets yet
16_11,"16000,11000",Unassigned / planned,Planned,0,0,0,0,No authored production assets yet
17_11,"17000,11000",Unassigned / planned,Planned,0,0,0,0,No authored production assets yet
18_11,"18000,11000",Unassigned / planned,Planned,0,0,0,0,No authored production assets yet
19_11,"19000,11000",Unassigned / planned,Planned,0,0,0,0,No authored production assets yet
00_12,"0,12000",Unassigned / planned,Planned,0,0,0,0,No authored production assets yet
01_12,"1000,12000",Unassigned / planned,Planned,0,0,0,0,No authored production assets yet
02_12,"2000,12000",Unassigned / planned,Planned,0,0,0,0,No authored production assets yet
03_12,"3000,12000",Unassigned / planned,Planned,0,0,0,0,No authored production assets yet
04_12,"4000,12000",Unassigned / planned,Planned,0,0,0,0,No authored production assets yet
05_12,"5000,12000",Unassigned / planned,Planned,0,0,0,0,No authored production assets yet
06_12,"6000,12000",Unassigned / planned,Planned,0,0,0,0,No authored production assets yet
07_12,"7000,12000",Unassigned / planned,Planned,0,0,0,0,No authored production assets yet
08_12,"8000,12000",Unassigned / planned,Planned,0,0,0,0,No authored production assets yet
09_12,"9000,12000",Unassigned / planned,Planned,0,0,0,0,No authored production assets yet
10_12,"10000,12000",Unassigned / planned,Planned,0,0,0,0,No authored production assets yet
11_12,"11000,12000",Unassigned / planned,Planned,0,0,0,0,No authored production assets yet
12_12,"12000,12000",Unassigned / planned,Planned,0,0,0,0,No authored production assets yet
13_12,"13000,12000",Unassigned / planned,Planned,0,0,0,0,No authored production assets yet
14_12,"14000,12000",Unassigned / planned,Planned,0,0,0,0,No authored production assets yet
15_12,"15000,12000",Unassigned / planned,Planned,0,0,0,0,No authored production assets yet
16_12,"16000,12000",Unassigned / planned,Planned,0,0,0,0,No authored production assets yet
17_12,"17000,12000",Unassigned / planned,Planned,0,0,0,0,No authored production assets yet
18_12,"18000,12000",Unassigned / planned,Planned,0,0,0,0,No authored production assets yet
19_12,"19000,12000",Unassigned / planned,Planned,0,0,0,0,No authored production assets yet
00_13,"0,13000",Unassigned / planned,Planned,0,0,0,0,No authored production assets yet
01_13,"1000,13000",Unassigned / planned,Planned,0,0,0,0,No authored production assets yet
02_13,"2000,13000",Unassigned / planned,Planned,0,0,0,0,No authored production assets yet
03_13,"3000,13000",Unassigned / planned,Planned,0,0,0,0,No authored production assets yet
04_13,"4000,13000",Unassigned / planned,Planned,0,0,0,0,No authored production assets yet
05_13,"5000,13000",Unassigned / planned,Planned,0,0,0,0,No authored production assets yet
06_13,"6000,13000",Unassigned / planned,Planned,0,0,0,0,No authored production assets yet
07_13,"7000,13000",Unassigned / planned,Planned,0,0,0,0,No authored production assets yet
08_13,"8000,13000",Unassigned / planned,Planned,0,0,0,0,No authored production assets yet
09_13,"9000,13000",Unassigned / planned,Planned,0,0,0,0,No authored production assets yet
10_13,"10000,13000",Unassigned / planned,Planned,0,0,0,0,No authored production assets yet
11_13,"11000,13000",Unassigned / planned,Planned,0,0,0,0,No authored production assets yet
12_13,"12000,13000",Unassigned / planned,Planned,0,0,0,0,No authored production assets yet
13_13,"13000,13000",Unassigned / planned,Planned,0,0,0,0,No authored production assets yet
14_13,"14000,13000",Unassigned / planned,Planned,0,0,0,0,No authored production assets yet
15_13,"15000,13000",Unassigned / planned,Planned,0,0,0,0,No authored production assets yet
16_13,"16000,13000",Unassigned / planned,Planned,0,0,0,0,No authored production assets yet
17_13,"17000,13000",Unassigned / planned,Planned,0,0,0,0,No authored production assets yet
18_13,"18000,13000",Unassigned / planned,Planned,0,0,0,0,No authored production assets yet
19_13,"19000,13000",Unassigned / planned,Planned,0,0,0,0,No authored production assets yet
00_14,"0,14000",Unassigned / planned,Planned,0,0,0,0,No authored production assets yet
01_14,"1000,14000",Unassigned / planned,Planned,0,0,0,0,No authored production assets yet
02_14,"2000,14000",Unassigned / planned,Planned,0,0,0,0,No authored production assets yet
03_14,"3000,14000",Unassigned / planned,Planned,0,0,0,0,No authored production assets yet
04_14,"4000,14000",Unassigned / planned,Planned,0,0,0,0,No authored production assets yet
05_14,"5000,14000",Unassigned / planned,Planned,0,0,0,0,No authored production assets yet
06_14,"6000,14000",Unassigned / planned,Planned,0,0,0,0,No authored production assets yet
07_14,"7000,14000",Unassigned / planned,Planned,0,0,0,0,No authored production assets yet
08_14,"8000,14000",Unassigned / planned,Planned,0,0,0,0,No authored production assets yet
09_14,"9000,14000",Unassigned / planned,Planned,0,0,0,0,No authored production assets yet
10_14,"10000,14000",Unassigned / planned,Planned,0,0,0,0,No authored production assets yet
11_14,"11000,14000",Unassigned / planned,Planned,0,0,0,0,No authored production assets yet
12_14,"12000,14000",Unassigned / planned,Planned,0,0,0,0,No authored production assets yet
13_14,"13000,14000",Unassigned / planned,Planned,0,0,0,0,No authored production assets yet
14_14,"14000,14000",Unassigned / planned,Planned,0,0,0,0,No authored production assets yet
15_14,"15000,14000",Unassigned / planned,Planned,0,0,0,0,No authored production assets yet
16_14,"16000,14000",Unassigned / planned,Planned,0,0,0,0,No authored production assets yet
17_14,"17000,14000",Unassigned / planned,Planned,0,0,0,0,No authored production assets yet
18_14,"18000,14000",Unassigned / planned,Planned,0,0,0,0,No authored production assets yet
19_14,"19000,14000",Unassigned / planned,Planned,0,0,0,0,No authored production assets yet
00_15,"0,15000",Unassigned / planned,Planned,0,0,0,0,No authored production assets yet
01_15,"1000,15000",Unassigned / planned,Planned,0,0,0,0,No authored production assets yet
02_15,"2000,15000",Unassigned / planned,Planned,0,0,0,0,No authored production assets yet
03_15,"3000,15000",Unassigned / planned,Planned,0,0,0,0,No authored production assets yet
04_15,"4000,15000",Unassigned / planned,Planned,0,0,0,0,No authored production assets yet
05_15,"5000,15000",Unassigned / planned,Planned,0,0,0,0,No authored production assets yet
06_15,"6000,15000",Unassigned / planned,Planned,0,0,0,0,No authored production assets yet
07_15,"7000,15000",Unassigned / planned,Planned,0,0,0,0,No authored production assets yet
08_15,"8000,15000",Unassigned / planned,Planned,0,0,0,0,No authored production assets yet
09_15,"9000,15000",Unassigned / planned,Planned,0,0,0,0,No authored production assets yet
10_15,"10000,15000",North Suburbs,Planned,0,0,0,0,No authored production assets yet
11_15,"11000,15000",Unassigned / planned,Planned,0,0,0,0,No authored production assets yet
12_15,"12000,15000",Unassigned / planned,Planned,0,0,0,0,No authored production assets yet
13_15,"13000,15000",Unassigned / planned,Planned,0,0,0,0,No authored production assets yet
14_15,"14000,15000",Unassigned / planned,Planned,0,0,0,0,No authored production assets yet
15_15,"15000,15000",Unassigned / planned,Planned,0,0,0,0,No authored production assets yet
16_15,"16000,15000",Unassigned / planned,Planned,0,0,0,0,No authored production assets yet
17_15,"17000,15000",Unassigned / planned,Planned,0,0,0,0,No authored production assets yet
18_15,"18000,15000",Unassigned / planned,Planned,0,0,0,0,No authored production assets yet
19_15,"19000,15000",Unassigned / planned,Planned,0,0,0,0,No authored production assets yet
00_16,"0,16000",Unassigned / planned,Planned,0,0,0,0,No authored production assets yet
01_16,"1000,16000",Unassigned / planned,Planned,0,0,0,0,No authored production assets yet
02_16,"2000,16000",Unassigned / planned,Planned,0,0,0,0,No authored production assets yet
03_16,"3000,16000",Unassigned / planned,Planned,0,0,0,0,No authored production assets yet
04_16,"4000,16000",Unassigned / planned,Planned,0,0,0,0,No authored production assets yet
05_16,"5000,16000",Unassigned / planned,Planned,0,0,0,0,No authored production assets yet
06_16,"6000,16000",Unassigned / planned,Planned,0,0,0,0,No authored production assets yet
07_16,"7000,16000",Unassigned / planned,Planned,0,0,0,0,No authored production assets yet
08_16,"8000,16000",Unassigned / planned,Planned,0,0,0,0,No authored production assets yet
09_16,"9000,16000",Unassigned / planned,Planned,0,0,0,0,No authored production assets yet
10_16,"10000,16000",Unassigned / planned,Planned,0,0,0,0,No authored production assets yet
11_16,"11000,16000",Unassigned / planned,Planned,0,0,0,0,No authored production assets yet
12_16,"12000,16000",Unassigned / planned,Planned,0,0,0,0,No authored production assets yet
13_16,"13000,16000",Unassigned / planned,Planned,0,0,0,0,No authored production assets yet
14_16,"14000,16000",Unassigned / planned,Planned,0,0,0,0,No authored production assets yet
15_16,"15000,16000",Unassigned / planned,Planned,0,0,0,0,No authored production assets yet
16_16,"16000,16000",Unassigned / planned,Planned,0,0,0,0,No authored production assets yet
17_16,"17000,16000",Unassigned / planned,Planned,0,0,0,0,No authored production assets yet
18_16,"18000,16000",Unassigned / planned,Planned,0,0,0,0,No authored production assets yet
19_16,"19000,16000",Unassigned / planned,Planned,0,0,0,0,No authored production assets yet
00_17,"0,17000",Unassigned / planned,Planned,0,0,0,0,No authored production assets yet
01_17,"1000,17000",Unassigned / planned,Planned,0,0,0,0,No authored production assets yet
02_17,"2000,17000",Unassigned / planned,Planned,0,0,0,0,No authored production assets yet
03_17,"3000,17000",Unassigned / planned,Planned,0,0,0,0,No authored production assets yet
04_17,"4000,17000",Unassigned / planned,Planned,0,0,0,0,No authored production assets yet
05_17,"5000,17000",Unassigned / planned,Planned,0,0,0,0,No authored production assets yet
06_17,"6000,17000",Unassigned / planned,Planned,0,0,0,0,No authored production assets yet
07_17,"7000,17000",Unassigned / planned,Planned,0,0,0,0,No authored production assets yet
08_17,"8000,17000",Unassigned / planned,Planned,0,0,0,0,No authored production assets yet
09_17,"9000,17000",Unassigned / planned,Planned,0,0,0,0,No authored production assets yet
10_17,"10000,17000",Unassigned / planned,Planned,0,0,0,0,No authored production assets yet
11_17,"11000,17000",Unassigned / planned,Planned,0,0,0,0,No authored production assets yet
12_17,"12000,17000",Unassigned / planned,Planned,0,0,0,0,No authored production assets yet
13_17,"13000,17000",Unassigned / planned,Planned,0,0,0,0,No authored production assets yet
14_17,"14000,17000",Unassigned / planned,Planned,0,0,0,0,No authored production assets yet
15_17,"15000,17000",Unassigned / planned,Planned,0,0,0,0,No authored production assets yet
16_17,"16000,17000",Unassigned / planned,Planned,0,0,0,0,No authored production assets yet
17_17,"17000,17000",Unassigned / planned,Planned,0,0,0,0,No authored production assets yet
18_17,"18000,17000",Unassigned / planned,Planned,0,0,0,0,No authored production assets yet
19_17,"19000,17000",Unassigned / planned,Planned,0,0,0,0,No authored production assets yet
00_18,"0,18000",Unassigned / planned,Planned,0,0,0,0,No authored production assets yet
01_18,"1000,18000",Unassigned / planned,Planned,0,0,0,0,No authored production assets yet
02_18,"2000,18000",Unassigned / planned,Planned,0,0,0,0,No authored production assets yet
03_18,"3000,18000",Unassigned / planned,Planned,0,0,0,0,No authored production assets yet
04_18,"4000,18000",Unassigned / planned,Planned,0,0,0,0,No authored production assets yet
05_18,"5000,18000",Unassigned / planned,Planned,0,0,0,0,No authored production assets yet
06_18,"6000,18000",Unassigned / planned,Planned,0,0,0,0,No authored production assets yet
07_18,"7000,18000",Unassigned / planned,Planned,0,0,0,0,No authored production assets yet
08_18,"8000,18000",Unassigned / planned,Planned,0,0,0,0,No authored production assets yet
09_18,"9000,18000",Unassigned / planned,Planned,0,0,0,0,No authored production assets yet
10_18,"10000,18000",Unassigned / planned,Planned,0,0,0,0,No authored production assets yet
11_18,"11000,18000",Unassigned / planned,Planned,0,0,0,0,No authored production assets yet
12_18,"12000,18000",Unassigned / planned,Planned,0,0,0,0,No authored production assets yet
13_18,"13000,18000",Unassigned / planned,Planned,0,0,0,0,No authored production assets yet
14_18,"14000,18000",Unassigned / planned,Planned,0,0,0,0,No authored production assets yet
15_18,"15000,18000",Unassigned / planned,Planned,0,0,0,0,No authored production assets yet
16_18,"16000,18000",Unassigned / planned,Planned,0,0,0,0,No authored production assets yet
17_18,"17000,18000",Unassigned / planned,Planned,0,0,0,0,No authored production assets yet
18_18,"18000,18000",Unassigned / planned,Planned,0,0,0,0,No authored production assets yet
19_18,"19000,18000",Unassigned / planned,Planned,0,0,0,0,No authored production assets yet
00_19,"0,19000",Unassigned / planned,Planned,0,0,0,0,No authored production assets yet
01_19,"1000,19000",Unassigned / planned,Planned,0,0,0,0,No authored production assets yet
02_19,"2000,19000",Unassigned / planned,Planned,0,0,0,0,No authored production assets yet
03_19,"3000,19000",Unassigned / planned,Planned,0,0,0,0,No authored production assets yet
04_19,"4000,19000",Unassigned / planned,Planned,0,0,0,0,No authored production assets yet
05_19,"5000,19000",Unassigned / planned,Planned,0,0,0,0,No authored production assets yet
06_19,"6000,19000",Unassigned / planned,Planned,0,0,0,0,No authored production assets yet
07_19,"7000,19000",Unassigned / planned,Planned,0,0,0,0,No authored production assets yet
08_19,"8000,19000",Unassigned / planned,Planned,0,0,0,0,No authored production assets yet
09_19,"9000,19000",Unassigned / planned,Planned,0,0,0,0,No authored production assets yet
10_19,"10000,19000",Unassigned / planned,Planned,0,0,0,0,No authored production assets yet
11_19,"11000,19000",Unassigned / planned,Planned,0,0,0,0,No authored production assets yet
12_19,"12000,19000",Unassigned / planned,Planned,0,0,0,0,No authored production assets yet
13_19,"13000,19000",Unassigned / planned,Planned,0,0,0,0,No authored production assets yet
14_19,"14000,19000",Unassigned / planned,Planned,0,0,0,0,No authored production assets yet
15_19,"15000,19000",Unassigned / planned,Planned,0,0,0,0,No authored production assets yet
16_19,"16000,19000",Unassigned / planned,Planned,0,0,0,0,No authored production assets yet
17_19,"17000,19000",Unassigned / planned,Planned,0,0,0,0,No authored production assets yet
18_19,"18000,19000",Unassigned / planned,Planned,0,0,0,0,No authored production assets yet
19_19,"19000,19000",Unassigned / planned,Planned,0,0,0,0,No authored production assets yet
